Foer_revisjon;Etter_revisjon
Aronia arbutifolia;Sorbaronia mitschurinii
Aronia arbutifolia;Aronia eller Sorbaronia
Aronia arbutifolia;Aronia eller Sorbaronia
Aronia melanocarpa ;Aronia melanocarpa 
Aronia melanocarpa ;Aronia melanocarpa 
Aronia melanocarpa ;Aronia melanocarpa 
Aronia melanocarpa ;Aronia melanocarpa 
Aronia melanocarpa ;Aronia melanocarpa 
Aronia melanocarpa ;Aronia melanocarpa 
Aronia melanocarpa ;Aronia melanocarpa 
Aronia melanocarpa ;Sorbaronia mitschurinii
Aronia melanocarpa ;Sorbaronia mitschurinii
Aronia melanocarpa ;Sorbaronia mitschurinii
Aronia melanocarpa ;Sorbaronia mitschurinii
Aronia melanocarpa ;Sorbaronia mitschurinii
Aronia melanocarpa ;Sorbaronia mitschurinii
Aronia melanocarpa ;Sorbaronia mitschurinii
Aronia melanocarpa ;Sorbaronia mitschurinii
Aronia melanocarpa ;Sorbaronia mitschurinii
Aronia melanocarpa ;Sorbaronia mitschurinii
Aronia melanocarpa ;Sorbaronia mitschurinii
Aronia melanocarpa ;Sorbaronia mitschurinii
Aronia melanocarpa ;Sorbaronia mitschurinii
Aronia melanocarpa ;Sorbaronia mitschurinii
Aronia melanocarpa ;Sorbaronia mitschurinii
Aronia melanocarpa ;Sorbaronia mitschurinii
Aronia melanocarpa ;Sorbaronia mitschurinii
Aronia melanocarpa ;Sorbaronia mitschurinii
Aronia melanocarpa ;Sorbaronia mitschurinii
Aronia melanocarpa ;Sorbaronia mitschurinii
Aronia melanocarpa ;Sorbaronia mitschurinii
Aronia melanocarpa ;Sorbaronia mitschurinii
Aronia melanocarpa ;Sorbaronia mitschurinii
Aronia melanocarpa ;Sorbaronia mitschurinii
Aronia melanocarpa ;Sorbaronia mitschurinii
Aronia melanocarpa ;Sorbaronia mitschurinii
Aronia melanocarpa ;Sorbaronia mitschurinii
Aronia melanocarpa ;Aronia eller Sorbaronia
Aronia melanocarpa ;Aronia eller Sorbaronia
Aronia melanocarpa ;Aronia eller Sorbaronia
Aronia melanocarpa ;Aronia eller Sorbaronia
Aronia melanocarpa ;Aronia eller Sorbaronia
Aronia melanocarpa ;Aronia eller Sorbaronia
Aronia melanocarpa ;Aronia eller Sorbaronia
Aronia melanocarpa ;Aronia eller Sorbaronia
Aronia melanocarpa ;Aronia eller Sorbaronia
Aronia melanocarpa ;Aronia eller Sorbaronia
Aronia melanocarpa ;Aronia eller Sorbaronia
Aronia melanocarpa ;Aronia eller Sorbaronia
Aronia melanocarpa ;Aronia eller Sorbaronia
Aronia melanocarpa ;Aronia eller Sorbaronia
Aronia melanocarpa ;Aronia eller Sorbaronia
Aronia melanocarpa ;Aronia eller Sorbaronia
Aronia melanocarpa ;Aronia eller Sorbaronia
Aronia melanocarpa ;Aronia eller Sorbaronia
Aronia melanocarpa ;Aronia eller Sorbaronia
Aronia melanocarpa ;Aronia eller Sorbaronia
Aronia melanocarpa ;Aronia eller Sorbaronia
Aronia melanocarpa ;Aronia eller Sorbaronia
Aronia melanocarpa ;Aronia eller Sorbaronia
Aronia melanocarpa ;Aronia eller Sorbaronia
Aronia melanocarpa ;Aronia eller Sorbaronia
Aronia melanocarpa ;Aronia eller Sorbaronia
Aronia melanocarpa ;Aronia eller Sorbaronia
Aronia melanocarpa ;Aronia eller Sorbaronia
Aronia melanocarpa ;Aronia eller Sorbaronia
Aronia melanocarpa ;Aronia eller Sorbaronia
Aronia melanocarpa ;Aronia eller Sorbaronia
Aronia melanocarpa ;Aronia eller Sorbaronia
Aronia melanocarpa ;Aronia eller Sorbaronia
Aronia melanocarpa ;Aronia eller Sorbaronia
Aronia melanocarpa ;Aronia eller Sorbaronia
Aronia melanocarpa ;Aronia eller Sorbaronia
Aronia melanocarpa ;Aronia eller Sorbaronia
Aronia melanocarpa ;Aronia eller Sorbaronia
Aronia melanocarpa ;Aronia eller Sorbaronia
Aronia melanocarpa ;Aronia eller Sorbaronia
Aronia melanocarpa ;Aronia eller Sorbaronia
Aronia melanocarpa ;Aronia eller Sorbaronia
Aronia melanocarpa ;Aronia eller Sorbaronia
Aronia melanocarpa ;Aronia eller Sorbaronia
Aronia melanocarpa ;Aronia eller Sorbaronia
Aronia melanocarpa ;Aronia eller Sorbaronia
Aronia melanocarpa ;Aronia eller Sorbaronia
Aronia melanocarpa ;Aronia eller Sorbaronia
Aronia melanocarpa ;Aronia eller Sorbaronia
Aronia melanocarpa ;Aronia eller Sorbaronia
Aronia melanocarpa ;Aronia eller Sorbaronia
Aronia melanocarpa ;Aronia eller Sorbaronia
Aronia melanocarpa ;Aronia eller Sorbaronia
Aronia melanocarpa ;Aronia eller Sorbaronia
Aronia melanocarpa ;Aronia eller Sorbaronia
Aronia melanocarpa ;Aronia eller Sorbaronia
Aronia melanocarpa ;Aronia eller Sorbaronia
Aronia melanocarpa ;Aronia eller Sorbaronia
Aronia melanocarpa ;Aronia eller Sorbaronia
Aronia melanocarpa ;Aronia eller Sorbaronia
Aronia melanocarpa ;Aronia eller Sorbaronia
Aronia melanocarpa ;Aronia eller Sorbaronia
Aronia melanocarpa ;Aronia eller Sorbaronia
Aronia melanocarpa ;Aronia eller Sorbaronia
Aronia melanocarpa ;Aronia eller Sorbaronia
Aronia melanocarpa ;Aronia eller Sorbaronia
Aronia melanocarpa ;Aronia eller Sorbaronia
Aronia melanocarpa ;Aronia eller Sorbaronia
Aronia melanocarpa ;Aronia eller Sorbaronia
Aronia melanocarpa ;Aronia eller Sorbaronia
Aronia melanocarpa ;Aronia eller Sorbaronia
Aronia melanocarpa ;Aronia eller Sorbaronia
Aronia melanocarpa ;Aronia eller Sorbaronia
Aronia melanocarpa ;Aronia eller Sorbaronia
Aronia melanocarpa ;Aronia eller Sorbaronia
Aronia melanocarpa ;Aronia eller Sorbaronia
Aronia melanocarpa ;Aronia eller Sorbaronia
Aronia melanocarpa ;Aronia eller Sorbaronia
Aronia melanocarpa ;Aronia eller Sorbaronia
Aronia melanocarpa ;Aronia eller Sorbaronia
Aronia melanocarpa ;Aronia eller Sorbaronia
Aronia melanocarpa ;Aronia eller Sorbaronia
Aronia melanocarpa ;Aronia eller Sorbaronia
Aronia melanocarpa ;Aronia eller Sorbaronia
Aronia melanocarpa ;Aronia eller Sorbaronia
Aronia melanocarpa ;Aronia eller Sorbaronia
Aronia melanocarpa ;Aronia eller Sorbaronia
Aronia melanocarpa ;Aronia eller Sorbaronia
Aronia melanocarpa ;Aronia eller Sorbaronia
Aronia melanocarpa ;Aronia eller Sorbaronia
Aronia melanocarpa ;Aronia eller Sorbaronia
Aronia melanocarpa ;Aronia eller Sorbaronia
Aronia melanocarpa ;Aronia eller Sorbaronia
Aronia melanocarpa ;Aronia eller Sorbaronia
Aronia melanocarpa ;Aronia eller Sorbaronia
Aronia melanocarpa ;Aronia eller Sorbaronia
Aronia melanocarpa ;Aronia eller Sorbaronia
Aronia melanocarpa ;Aronia eller Sorbaronia
Aronia melanocarpa ;Aronia eller Sorbaronia
Aronia melanocarpa ;Aronia eller Sorbaronia
Aronia melanocarpa ;Aronia eller Sorbaronia
Aronia melanocarpa ;Aronia eller Sorbaronia
Aronia melanocarpa ;Aronia eller Sorbaronia
Aronia melanocarpa ;Aronia eller Sorbaronia
Aronia melanocarpa ;Aronia eller Sorbaronia
Aronia melanocarpa ;Aronia eller Sorbaronia
Aronia melanocarpa ;Aronia eller Sorbaronia
Aronia melanocarpa ;Aronia eller Sorbaronia
Aronia melanocarpa ;Aronia eller Sorbaronia
Aronia melanocarpa ;Aronia eller Sorbaronia
Aronia melanocarpa ;Aronia eller Sorbaronia
Aronia melanocarpa ;Aronia eller Sorbaronia
Aronia melanocarpa ;Aronia eller Sorbaronia
Aronia melanocarpa ;Aronia eller Sorbaronia
Aronia melanocarpa ;Aronia eller Sorbaronia
Aronia melanocarpa ;Aronia eller Sorbaronia
Aronia melanocarpa ;Aronia eller Sorbaronia
Aronia melanocarpa ;Aronia eller Sorbaronia
Aronia melanocarpa ;Aronia eller Sorbaronia
Aronia melanocarpa ;Aronia eller Sorbaronia
Aronia melanocarpa ;Aronia eller Sorbaronia
Aronia melanocarpa ;Aronia eller Sorbaronia
Aronia melanocarpa ;Aronia eller Sorbaronia
Aronia melanocarpa ;Aronia eller Sorbaronia
Aronia melanocarpa ;Aronia eller Sorbaronia
Aronia melanocarpa ;Aronia eller Sorbaronia
Aronia melanocarpa ;Aronia eller Sorbaronia
Aronia melanocarpa ;Aronia eller Sorbaronia
Aronia melanocarpa ;Aronia eller Sorbaronia
Aronia melanocarpa ;Aronia eller Sorbaronia
Aronia melanocarpa ;Aronia eller Sorbaronia
Aronia melanocarpa ;Aronia eller Sorbaronia
Aronia melanocarpa ;Aronia eller Sorbaronia
Aronia melanocarpa ;Aronia eller Sorbaronia
Aronia melanocarpa ;Aronia eller Sorbaronia
Aronia melanocarpa ;Aronia eller Sorbaronia
Aronia melanocarpa ;Aronia eller Sorbaronia
Aronia xprunifolia;Aronia melanocarpa 
Aronia xprunifolia;Sorbaronia mitschurinii
Aronia xprunifolia;Sorbaronia mitschurinii
Aronia xprunifolia;Sorbaronia mitschurinii
Aronia xprunifolia;Sorbaronia mitschurinii
Aronia xprunifolia;Sorbaronia mitschurinii
Aronia xprunifolia;Sorbaronia mitschurinii
Aronia xprunifolia;Sorbaronia mitschurinii
Aronia xprunifolia;Sorbaronia mitschurinii
Aronia xprunifolia;Sorbaronia mitschurinii
Aronia xprunifolia;Sorbaronia mitschurinii
Aronia xprunifolia;Sorbaronia mitschurinii
Aronia xprunifolia;Sorbaronia mitschurinii
Aronia xprunifolia;Sorbaronia mitschurinii
Aronia xprunifolia;Sorbaronia mitschurinii
Aronia xprunifolia;Sorbaronia mitschurinii
Aronia xprunifolia;Sorbaronia mitschurinii
Aronia xprunifolia;Sorbaronia mitschurinii
Aronia xprunifolia;Sorbaronia mitschurinii
Aronia xprunifolia;Sorbaronia mitschurinii
Aronia xprunifolia;Sorbaronia mitschurinii
Aronia xprunifolia;Sorbaronia mitschurinii
Aronia xprunifolia;Sorbaronia mitschurinii
Aronia xprunifolia;Sorbaronia mitschurinii
Aronia xprunifolia;Sorbaronia mitschurinii
Aronia xprunifolia;Sorbaronia mitschurinii
Aronia xprunifolia;Sorbaronia mitschurinii
Aronia xprunifolia;Sorbaronia mitschurinii
Aronia xprunifolia;Sorbaronia mitschurinii
Aronia xprunifolia;Sorbaronia mitschurinii
Aronia xprunifolia;Sorbaronia mitschurinii
Aronia xprunifolia;Sorbaronia mitschurinii
Aronia xprunifolia;Sorbaronia mitschurinii
Aronia xprunifolia;Sorbaronia mitschurinii
Aronia xprunifolia;Sorbaronia mitschurinii
Aronia xprunifolia;Sorbaronia mitschurinii
Aronia xprunifolia;Sorbaronia mitschurinii
Aronia xprunifolia;Sorbaronia mitschurinii
Aronia xprunifolia;Aronia eller Sorbaronia
Aronia xprunifolia;Aronia eller Sorbaronia
Aronia xprunifolia;Aronia eller Sorbaronia
Aronia xprunifolia;Aronia eller Sorbaronia
Aronia xprunifolia;Aronia eller Sorbaronia
Aronia xprunifolia;Aronia eller Sorbaronia
Aronia xprunifolia;Aronia eller Sorbaronia
Aronia xprunifolia;Aronia eller Sorbaronia
Aronia xprunifolia;Aronia eller Sorbaronia
Aronia xprunifolia;Aronia eller Sorbaronia
Aronia xprunifolia;Aronia eller Sorbaronia
Aronia xprunifolia;Aronia eller Sorbaronia
Aronia xprunifolia;Aronia eller Sorbaronia
Aronia xprunifolia;Aronia eller Sorbaronia
Aronia xprunifolia;Aronia eller Sorbaronia
Aronia xprunifolia;Aronia eller Sorbaronia
Aronia xprunifolia;Aronia eller Sorbaronia
Aronia xprunifolia;Aronia eller Sorbaronia
Aronia xprunifolia;Aronia eller Sorbaronia
Aronia xprunifolia;Aronia eller Sorbaronia
Aronia xprunifolia;Aronia eller Sorbaronia
Aronia xprunifolia;Aronia eller Sorbaronia
Aronia xprunifolia;Aronia eller Sorbaronia
Aronia xprunifolia;Aronia eller Sorbaronia
Aronia xprunifolia;Aronia eller Sorbaronia
Aronia xprunifolia;Aronia eller Sorbaronia
Aronia xprunifolia;Aronia eller Sorbaronia
Aronia xprunifolia;Aronia eller Sorbaronia
Aronia xprunifolia;Aronia eller Sorbaronia
Aronia xprunifolia;Aronia eller Sorbaronia
Aronia xprunifolia;Aronia eller Sorbaronia
Aronia xprunifolia;Aronia eller Sorbaronia
Aronia xprunifolia;Aronia eller Sorbaronia
Aronia xprunifolia;Aronia eller Sorbaronia
Aronia xprunifolia;Aronia eller Sorbaronia
Aronia sp.;Sorbaronia mitschurinii
Aronia sp.;Sorbaronia mitschurinii
Aronia sp.;Sorbaronia mitschurinii
Aronia sp.;Sorbaronia mitschurinii
Aronia sp.;Sorbaronia mitschurinii
Aronia sp.;Aronia eller Sorbaronia
Aronia sp.;Aronia eller Sorbaronia
Aronia sp.;Aronia eller Sorbaronia
Aronia sp.;Aronia eller Sorbaronia
Aronia sp.;Aronia eller Sorbaronia
